Node,Depth,FatherNode
查询,1,ROOT
账户,1,ROOT
贷记卡,1,ROOT
借记卡,1,ROOT
铂金卡,1,ROOT
金卡,1,ROOT
普卡,1,ROOT
判断,1,ROOT
等级,1,ROOT
卡号,1,ROOT
存折,1,ROOT
银行,1,ROOT
账号,1,ROOT
位数,1,ROOT
个人版,1,ROOT
流程,1,ROOT
普通版,1,ROOT
卡片状态,1,ROOT
手机银行,1,ROOT
账单,1,ROOT
注意事项,1,ROOT
明细,1,ROOT
历史账单,1,ROOT
还款,1,ROOT
手机,1,ROOT
自动还款,1,ROOT
功能,1,ROOT
设置,1,ROOT
没有,1,ROOT
短信通知,1,ROOT
收到,1,ROOT
开通,1,ROOT
服务,1,ROOT
办理,1,ROOT
时间范围,1,ROOT
币种,1,ROOT
支持,1,ROOT
境外,1,ROOT
购汇,1,ROOT
人民币兑换,1,ROOT
居民,1,ROOT
户口本,1,ROOT
未成年人,1,ROOT
境内个人,1,ROOT
可以,1,ROOT
限制,1,ROOT
最低金额,1,ROOT
业务,1,ROOT
申请,1,ROOT
新客户,1,ROOT
换卡,1,ROOT
手续费,1,ROOT
损坏,1,ROOT
个体户,1,ROOT
取款,1,ROOT
现钞,1,ROOT
规定,1,ROOT
存现,1,ROOT
介绍,1,ROOT
零存整取,1,ROOT
开户,1,ROOT
续存,1,ROOT
通知,1,ROOT
如何,1,ROOT
取消,1,ROOT
活期,1,ROOT
通知存款,1,ROOT
个人,1,ROOT
标准,1,ROOT
收取,1,ROOT
利息,1,ROOT
收费,1,ROOT
预借现金,1,ROOT
取现,1,ROOT
额度,1,ROOT
限额,1,ROOT
开卡,1,ROOT
免息期,1,ROOT
最长,1,ROOT
还款日,1,ROOT
当期账单,1,ROOT
账单日,1,ROOT
查看,1,ROOT
到期还款日,1,ROOT
修改,1,ROOT
账单周期,1,ROOT
补扣,1,ROOT
冲账,1,ROOT
顺序,1,ROOT
时效,1,ROOT
入账,1,ROOT
ATM,1,ROOT
退税,1,ROOT
换算,1,ROOT
汇率,1,ROOT
小额免签,1,ROOT
银联,1,ROOT
原因,1,ROOT
失败,1,ROOT
刷卡,1,ROOT
网上支付,1,ROOT
恢复,1,ROOT
停卡,1,ROOT
复卡,1,ROOT
操作,1,ROOT
方法,1,ROOT
综合,1,ROOT
补寄,1,ROOT
综合对账单,1,ROOT
协议,1,ROOT
时间,1,ROOT
寄送,1,ROOT
邮箱,1,ROOT
删除,1,ROOT
打印,1,ROOT
何时能,1,ROOT
方式,1,ROOT
起存金额,1,ROOT
存期,1,ROOT
智能定期,1,ROOT
计息规则,1,ROOT
格式,1,ROOT
失败原因,1,ROOT
网上,1,ROOT
疑问,1,ROOT
订单号,1,ROOT
流水号,1,ROOT
网上交易,1,ROOT
交易密码,1,ROOT
查询密码,1,ROOT
重设,1,ROOT
的方式,1,ROOT
密码,1,ROOT
附属卡,1,ROOT
修改方式,1,ROOT
挂失,1,ROOT
渠道,1,ROOT
异地,1,ROOT
到账时间,1,ROOT
跨行,1,ROOT
转账汇款,1,ROOT
不还,1,ROOT
转账,1,ROOT
区别,1,ROOT
核发,1,ROOT
到账,1,ROOT
无卡取款,1,ROOT
撤销,1,ROOT
作用,1,ROOT
适用范围,1,ROOT
失卡保障,1,ROOT
ApplePay,1,ROOT
绑定,1,ROOT
积分,1,ROOT
使用,1,ROOT
规则,1,ROOT
紧急,1,ROOT
替代卡,1,ROOT
全币种,1,ROOT
临时额度,1,ROOT
年费,1,ROOT
合并,1,ROOT
调整,1,ROOT
账单分期,1,ROOT
不能,1,ROOT
特点,1,ROOT
参与者,1,ROOT
怎么办,1,ROOT
费用,1,ROOT
毁补,1,ROOT
IC卡,1,ROOT
小MM卡,1,ROOT
结汇,1,ROOT
是否是,1,ROOT
分开,1,ROOT
需要,1,ROOT
含义,1,ROOT
计算公式,1,ROOT
小M开心卡,1,ROOT
受到限制,1,ROOT
监护人,1,ROOT
咨询,1,ROOT
未出账单,1,ROOT
手机钱包,1,ROOT
中国联通,1,ROOT
交易记录,1,ROOT
跨年度,1,ROOT
相关规定,1,ROOT
已销户,1,ROOT
能否,1,ROOT
直付,1,ROOT
M支付,1,ROOT
支付,1,ROOT
备注,1,ROOT
发送,1,ROOT
验证码,1,ROOT
是否,1,ROOT
生活,1,ROOT
缴费,1,ROOT
使用规则,1,ROOT
超过,1,ROOT
金额,1,ROOT
选项,1,ROOT
语音,1,ROOT
操作流程,1,ROOT
安全措施,1,ROOT
微信银行,1,ROOT
自动代缴,1,ROOT
缴费提醒,1,ROOT
资费标准,1,ROOT
优惠活动,1,ROOT
注意,1,ROOT
畅刷,1,ROOT
精彩,1,ROOT
外汇兑换,1,ROOT
换成,1,ROOT
途径,1,ROOT
组织,1,ROOT
以下,1,ROOT
基本,1,ROOT
兑换,1,ROOT
私人,1,ROOT
准入条件,1,ROOT
账户管理费,1,ROOT
购汇还款,1,ROOT
说明,1,ROOT
美元,1,ROOT
办卡,1,ROOT
手机号码,1,ROOT
计算,1,ROOT
号换,1,ROOT
原卡,1,ROOT
降级,1,ROOT
平级,1,ROOT
升级,1,ROOT
开户行,1,ROOT
变更,1,ROOT
香港,1,ROOT
条件,1,ROOT
见证,1,ROOT
网点,1,ROOT
内地,1,ROOT
减免,1,ROOT
资料,1,ROOT
要求,1,ROOT
财力证明,1,ROOT
地址,1,ROOT
邮寄,1,ROOT
传真,1,ROOT
换号,1,ROOT
升降级,1,ROOT
工本费,1,ROOT
影响,1,ROOT
领卡,1,ROOT
银行账号,1,ROOT
更换,1,ROOT
储蓄,1,ROOT
自助,1,ROOT
II类,1,ROOT
证件,1,ROOT
公民,1,ROOT
开户费用,1,ROOT
入账金额,1,ROOT
一网通,1,ROOT
有效期,1,ROOT
生意,1,ROOT
优惠,1,ROOT
I类,1,ROOT
优势,1,ROOT
磁条卡,1,ROOT
相比,1,ROOT
关联,1,ROOT
卡片,1,ROOT
资产核算,1,ROOT
范围,1,ROOT
市值,1,ROOT
估算,1,ROOT
授权码,1,ROOT
预留,1,ROOT
电话,1,ROOT
丢失,1,ROOT
登录密码,1,ROOT
交易流水,1,ROOT
细节,1,ROOT
手机号,1,ROOT
资金转出,1,ROOT
签约,1,ROOT
书面,1,ROOT
补卡,1,ROOT
口头挂失,1,ROOT
情况,1,ROOT
补办,1,ROOT
挂失手续,1,ROOT
快捷支付,1,ROOT
支付宝,1,ROOT
核算,1,ROOT
月日均资产,1,ROOT
审核,1,ROOT
加急,1,ROOT
热线,1,ROOT
中心,1,ROOT
实盘,1,ROOT
外汇买卖,1,ROOT
委托,1,ROOT
白金,1,ROOT
起止,1,ROOT
微信,1,ROOT
客服,1,ROOT
QQ,1,ROOT
进度查询,1,ROOT
面签,1,ROOT
材料,1,ROOT
哪些,1,ROOT
能办,1,ROOT
多长时间,1,ROOT
买卖,1,ROOT
直接,1,ROOT
现金,1,ROOT
柜台,1,ROOT
定期,1,ROOT
激活,1,ROOT
提前还款,1,ROOT
公积金,1,ROOT
小M消费宝,1,ROOT
联系方式,1,ROOT
结清,1,ROOT
手续,1,ROOT
经办,1,ROOT
经办行,1,ROOT
小微,1,ROOT
M生意贷,1,ROOT
企业,1,ROOT
家庭,1,ROOT
活动,1,ROOT
营销,1,ROOT
相关,1,ROOT
登录,1,ROOT
预订,1,ROOT
机票,1,ROOT
酒店,1,ROOT
审批,1,ROOT
小M,1,ROOT
累积,1,ROOT
不予,1,ROOT
类型,1,ROOT
归属,1,ROOT
积分有效期,1,ROOT
抽奖活动,1,ROOT
交易日,1,ROOT
店面,1,ROOT
理财产品,1,ROOT
预约,1,ROOT
网上支付额度,1,ROOT
赎回,1,ROOT
基金,1,ROOT
转换,1,ROOT
分红,1,ROOT
M月得宝,1,ROOT
个人资料,1,ROOT
初始,1,ROOT
忘记,1,ROOT
处理,1,ROOT
锁住,1,ROOT
支付密码,1,ROOT
张数,1,ROOT
更新,1,ROOT
身份证,1,ROOT
锁定,1,ROOT
用途,1,ROOT
重置,1,ROOT
证件号码,1,ROOT
银行小M,1,ROOT
短信,1,ROOT
提醒,1,ROOT
信息,1,ROOT
基金账户,1,ROOT
柜面,1,ROOT
关户,1,ROOT
个人银行,1,ROOT
证书,1,ROOT
最低还款额,1,ROOT
还款方式,1,ROOT
营业网点,1,ROOT
设备,1,ROOT
给银行,1,ROOT
快速,1,ROOT
的银行,1,ROOT
购买,1,ROOT
占用,1,ROOT
M贷,1,ROOT
房产,1,ROOT
抵押,1,ROOT
二次抵押,1,ROOT
进行,1,ROOT
个人网银,1,ROOT
商业贷款,1,ROOT
了解,1,ROOT
个人住房,1,ROOT
二手楼,1,ROOT
小M贷,1,ROOT
证明,1,ROOT
申请条件,1,ROOT
期限,1,ROOT
贷款额度,1,ROOT
循环,1,ROOT
计息,1,ROOT
到期日,1,ROOT
确定,1,ROOT
天数,1,ROOT
留学,1,ROOT
流动资金,1,ROOT
车库,1,ROOT
住房,1,ROOT
联络,1,ROOT
过期换卡,1,ROOT
简介,1,ROOT
注销,1,ROOT
校园,1,ROOT
大学生,1,ROOT
混合利率,1,ROOT
固定利率,1,ROOT
未约定日期,1,ROOT
提前,1,ROOT
营运资金,1,ROOT
已结清,1,ROOT
提供,1,ROOT
计算方法,1,ROOT
罚息,1,ROOT
逾期利息,1,ROOT
特色,1,ROOT
还款法,1,ROOT
入住还款,1,ROOT
递减,1,ROOT
按周还本付息,1,ROOT
自助申请,1,ROOT
质押贷款,1,ROOT
质押物,1,ROOT
扣款,1,ROOT
利率,1,ROOT
业务优势,1,ROOT
业务流程,1,ROOT
损换卡,1,ROOT
最低,1,ROOT
还款额,1,ROOT
免息还款期,1,ROOT
签订,1,ROOT
分类,1,ROOT
分期,1,ROOT
副卡,1,ROOT
生效时间,1,ROOT
部分,1,ROOT
到期,1,ROOT
违约金,1,ROOT
消费分期,1,ROOT
现金分期,1,ROOT
汇总,1,ROOT
启用,1,ROOT
申请材料,1,ROOT
客服电话,1,ROOT
达到,1,ROOT
挂失销户,1,ROOT
境内取款,1,ROOT
本人,1,ROOT
名下,1,ROOT
销户,1,ROOT
余额,1,ROOT
销卡,1,ROOT
紧急取现,1,ROOT
境内,1,ROOT
境外取款,1,ROOT
分期付款,1,ROOT
因素,1,ROOT
组合,1,ROOT
芯片,1,ROOT
代办,1,ROOT
收年费,1,ROOT
同行,1,ROOT
同城,1,ROOT
卡损,1,ROOT
退货,1,ROOT
返还,1,ROOT
扣收,1,ROOT
减少,1,ROOT
外籍人士,1,ROOT
透支,1,ROOT
共享,1,ROOT
对账单,1,ROOT
用卡,1,ROOT
调额,1,ROOT
结果,1,ROOT
被拒,1,ROOT
电子账单,1,ROOT
定制,1,ROOT
纸质,1,ROOT
上限,1,ROOT
提高,1,ROOT
星级,1,ROOT
联名积分,1,ROOT
一卡通,1,ROOT
账户状态,1,ROOT
保险业务,1,ROOT
购物,1,ROOT
商户,1,ROOT
合作,1,ROOT
无卡存现,1,ROOT
试算,1,ROOT
月供,1,ROOT
移动,1,ROOT
代扣,1,ROOT
联通,1,ROOT
发票,1,ROOT
索取,1,ROOT
固定额度,1,ROOT
验证,1,ROOT
接收,1,ROOT
消费,1,ROOT
号码,1,ROOT
专业版,1,ROOT
用户密码,1,ROOT
大众版,1,ROOT
变动,1,ROOT
账务,1,ROOT
跨境,1,ROOT
个人账户,1,ROOT
公司账户,1,ROOT
申请书,1,ROOT
境外汇款,1,ROOT
CVV2,1,ROOT
国际,1,ROOT
收入,1,ROOT
申报,1,ROOT
填写,1,ROOT
招行,1,ROOT
快易理财,1,ROOT
容时,1,ROOT
尊尚,1,ROOT
国际借记卡,1,ROOT
POS,1,ROOT
自设,1,ROOT
设定,1,ROOT
MASTER,1,ROOT
VISA,1,ROOT
理财账户,1,ROOT
账户密码,1,ROOT
理财,1,ROOT
人工,1,ROOT
自动,1,ROOT
已出账单,1,ROOT
互查,1,ROOT
新旧,1,ROOT
最低还款,1,ROOT
小M赚得宝,1,ROOT
准入,1,ROOT
证明书,1,ROOT
开立,1,ROOT
冻结,1,ROOT
资金,1,ROOT
定义,1,ROOT
张卡,1,ROOT
客户,1,ROOT
支取,1,ROOT
受影响,1,ROOT
