S_Side,O_Side
电话银行,预约
信用卡,临时额度
信用卡,注意事项
贷款,手机银行
信用卡,不还
信用卡,开户行
信用卡,境外取款
存款,规定
储蓄卡,支持
贷款,流动资金
网上银行,一卡通
贷款,注销
信用卡,境外
信用卡,可以
信用卡,咨询
交易,业务优势
贷款,未约定日期
银行卡,一网通
储蓄卡,情况
银行卡,存折
网上银行,条件
存款,是否
交易,查询
信用卡,怎么办
信用卡,额度
电话银行,换卡
网上银行,查询
贷款,自助
个人住房公积金贷款,介绍
信用卡,刷卡
储蓄卡,磁条卡
网上银行,理财账户
信用卡,明细
信用卡,签订
信用卡,挂失
信用卡,到账
贷款,还款法
电话银行,取款
电话银行,密码
贷款,结清
信用卡,面签
网上银行,国际借记卡
储蓄卡,绑定
信用卡,消费分期
汇款,操作
贷款,网上
网上银行,修改
信用卡,账单
电话银行,修改
信用卡,手机号码
信用卡,异地
信用卡,手机
银行卡,私人
信用卡,购汇还款
网上银行,是否
信用卡,邮寄
储蓄卡,缴费提醒
信用卡,转账汇款
信用卡,未成年人
网上银行,账单分期
汇款,信息
信用卡,打印
储蓄卡,验证码
信用卡,途径
贷款,计息
储蓄卡,证件
信用卡,余额
信用卡,累积
信用卡,扣款
储蓄卡,原卡
第三方存管,查询
个人通知存款,介绍
储蓄卡,缴费
电话银行,电子账单
信用卡,损坏
结算,储蓄
交易,流水号
第三方存管,市值
结售汇,可以
储蓄卡,IC卡
贷款,收费
储蓄卡,更换
储蓄卡,登录密码
储蓄卡,范围
交易,不能
信用卡,订单号
信用卡,提高
储蓄卡,交易流水
信用卡,条件
交易,境外
信用卡,作用
信用卡,的方式
电话银行,信息
储蓄卡,用途
银行卡,绑定
电话银行,消费分期
储蓄卡,直付
信用卡,最长
储蓄卡,规定
信用卡,快速
存款,证明
信用卡,占用
储蓄卡,收费
信用卡,热线
网上银行,启用
汇款,收入
贷款,试算
信用卡,利率
贷款,提前还款
贷款,网点
网上银行,境外汇款
银行卡,小M赚得宝
汇款,打印
信用卡,功能
结售汇,查询
个人住房公积金贷款,期限
贷款,逾期利息
信用卡,复卡
电话银行,额度
信用卡,联名积分
储蓄卡,金卡
交易,打印
储蓄卡,需要
信用卡,预留
储蓄卡,II类
交易,账单分期
储蓄卡,金额
信用卡,挂失销户
信用卡,收取
存款,存期
个人通知存款,通知存款
汇款,个人账户
汇款,柜台
信用卡,网上交易
储蓄卡,能否
信用卡,开通
汇款,快易理财
储蓄卡,支付宝
储蓄卡,变更
信用卡,变更
储蓄卡,收到
第三方存管,方法
电话银行,还款日
贷款,流程
信用卡,停卡
信用卡,定制
外币,利率
结售汇,业务
外汇,币种
储蓄卡,撤销
信用卡,账户
信用卡,小额免签
信用卡,提前
贷款,住房
第三方存管,变更
电话银行,限额
信用卡,收年费
储蓄卡,手机号
信用卡,取消
储蓄卡,补卡
存款,手续费
信用卡,境内取款
信用卡,区别
结售汇,未成年人
储蓄卡,优势
信用卡,提醒
贷款,信息
信用卡,固定额度
信用卡,还款日
贷款,审批
贷款,个人
信用卡,预借现金
信用卡,毁补
信用卡,家庭
贷款,二手楼
储蓄卡,发送
信用卡,收费
储蓄卡,使用规则
信用卡,小M
网上银行,明细
信用卡,重设
储蓄卡,换成
电话银行,过期换卡
信用卡,借记卡
信用卡,失败
信用卡,启用
储蓄卡,内地
信用卡,换卡
电话银行,取消
贷款,操作
信用卡,忘记
信用卡,服务
电话银行,活期
网上银行,取款
网上银行,刷卡
储蓄卡,业务
信用卡,营销
信用卡,兑换
交易,ATM
信用卡,对账单
信用卡,免息还款期
信用卡,恢复
信用卡,ApplePay
信用卡,寄送
储蓄卡,补办
信用卡,个人资料
外币,定期
信用卡,白金
外币,规定
网上银行,手续费
汇款,异地
贷款,中心
存款,冻结
信用卡,到期还款日
信用卡,号码
交易,基金账户
电话银行,一卡通
结售汇,最低金额
储蓄卡,现钞
结售汇,注意事项
结售汇,需要
储蓄卡,打印
贷款,业务优势
储蓄卡,资产核算
信用卡,特点
贷款,影响
网上银行,赎回
信用卡,因素
汇款,银行
结算,存折
贷款,贷款额度
交易,手机银行
电话银行,办理
网上银行,还款日
信用卡,修改
银证转账,收费
第三方存管,资料
电话银行,通知
信用卡,贷记卡
汇款,专业版
存款,币种
交易,国际借记卡
信用卡,卡片状态
信用卡,审核
银证转账,服务
信用卡,购汇
银行卡,方法
储蓄卡,格式
信用卡,还款
网上银行,消费
储蓄卡,人工
信用卡,替代卡
储蓄卡,没有
信用卡,身份证
存款,计息规则
汇款,需要
信用卡,用卡
信用卡,微信
汇款,办理
储蓄卡,卡号
储蓄卡,优惠
信用卡,分期
储蓄卡,铂金卡
储蓄卡,换卡
信用卡,参与者
电话银行,免息期
储蓄卡,补寄
第三方存管,估算
信用卡,店面
外汇,使用
储蓄卡,账号
贷款,计算方法
信用卡,操作
储蓄卡,普卡
信用卡,密码
电话银行,损换卡
网上银行,年费
外汇,境外
信用卡,同行
汇款,规定
外币,现金
电话银行,转账汇款
贷款,二次抵押
贷款,条件
电话银行,分期付款
外汇,能否
信用卡,银联
储蓄卡,协议
电话银行,账户
贷款,企业
信用卡,最低
信用卡,领卡
网上银行,续存
储蓄卡,标准
信用卡,业务
储蓄卡,是否
信用卡,过期换卡
交易,流程
信用卡,联络
储蓄卡,交易记录
汇款,填写
电话银行,设置
电话银行,账务
信用卡,设备
信用卡,换成
信用卡,收到
外币,取现
信用卡,外汇兑换
储蓄卡,相比
信用卡,哪些
信用卡,还款方式
外汇,银行
电话银行,明细
汇款,同行
信用卡,多长时间
网上银行,大众版
信用卡,副卡
储蓄卡,邮箱
网上银行,办理
汇款,大众版
汇款,申报
外汇,买卖
网上银行,ATM
储蓄卡,贷记卡
储蓄卡,方法
储蓄卡,小MM卡
贷款,入住还款
信用卡,补卡
贷款,业务流程
存款,提前
储蓄卡,快捷支付
信用卡,快捷支付
信用卡,已出账单
贷款,到期日
信用卡,移动
储蓄卡,安全措施
交易,M支付
信用卡,账单分期
信用卡,联通
信用卡,紧急取现
交易,POS
信用卡,损换卡
信用卡,的银行
交易,设定
储蓄卡,普通版
银行卡,挂失
储蓄卡,转账
储蓄卡,取款
信用卡,计算
汇款,一卡通
汇款,申请书
电话银行,还款
代发工资,账户管理费
电话银行,分期
信用卡,预订
储蓄卡,购买
信用卡,查看
第三方存管,流程
信用卡,金额
电话银行,条件
储蓄卡,领卡
第三方存管,手机银行
储蓄卡,网点
银行卡,准入
储蓄卡,号换
信用卡,容时
贷款,还款日
储蓄卡,银联
信用卡,新客户
信用卡,销卡
贷款,普通版
信用卡,发票
网上银行,开户
银行卡,境外取款
储蓄卡,功能
贷款,混合利率
储蓄卡,兑换
信用卡,要求
电话银行,个人
信用卡,手机银行
储蓄卡,损坏
外币,存现
信用卡,附属卡
信用卡,开户费用
信用卡,不能
信用卡,张数
信用卡,自助
储蓄卡,自动
交易,理财
信用卡,银行小M
信用贷款,申请
信用卡,保险业务
储蓄卡,升降级
信用卡,卡片
网上银行,能否
贷款,M生意贷
信用卡,补寄
信用卡,普通版
储蓄卡,升级
信用贷款,小微
信用卡,激活
电话银行,账户状态
个人通知存款,取消
储蓄卡,手机银行
信用卡,用途
储蓄卡,相关规定
储蓄卡,流程
信用卡,现金分期
电话银行,零存整取
储蓄卡,转账汇款
网上银行,专业版
电话银行,转换
信用卡,客服
信用卡,网上
储蓄卡,手机
储蓄卡,支付密码
电话银行,手续费
个人通知存款,活期
电话银行,协议
信用卡,开户
贷款,留学
储蓄卡,账户
电话银行,通知存款
贷款,标准
电话银行,自动还款
储蓄卡,信息
银行卡,资金转出
信用卡,M贷
信用卡,交易密码
网上银行,达到
信用卡,CVV2
交易,国际
储蓄卡,卡片状态
外汇,居民
贷款,校园
结售汇,是否是
网上银行,基金账户
结售汇,办理
储蓄卡,跨年度
电话银行,挂失
信用卡,外籍人士
汇款,区别
贷款,经办
信用卡,能否
储蓄卡,明细
电话银行,查询
贷款,查询
信用卡,共享
信用卡,标准
贷款,个人版
信用卡,设置
信用贷款,要求
信用卡,星级
信用卡,金卡
信用卡,修改方式
储蓄卡,平级
银行卡,签约
汇款,手续费
第三方存管,是否
个人通知存款,通知
储蓄卡,降级
网上银行,区别
储蓄卡,手机号码
信用卡,申请
储蓄卡,生意
汇款,公司账户
信用卡,现钞
贷款,时间
网上银行,限额
存款,智能定期
信用卡,疑问
外币,不能
储蓄卡,账户密码
汇款,接收
储蓄卡,方式
信用卡,开卡
银行卡,开户
信用卡,进度查询
信用卡,材料
贷款,循环
个人通知存款,如何
外汇,实盘
储蓄卡,以下
外汇,手机银行
交易,贷款额度
信用卡,销户
电话银行,新旧
代发工资,减免
信用卡,索取
信用卡,手机钱包
电话银行,提前
信用卡,是否
网上银行,打印
网上银行,费用
储蓄卡,怎么办
汇款,招行
储蓄卡,服务
信用卡,未出账单
贷款,进度查询
电话银行,定制
电话银行,变动
网上银行,POS
汇款,能否
贷款,证明
储蓄卡,境外
信用卡,分期付款
结售汇,含义
储蓄卡,综合对账单
储蓄卡,丢失
储蓄卡,办理
电话银行,达到
储蓄卡,工本费
结售汇,分开
信用卡,合作
储蓄卡,开户行
汇款,转账
储蓄卡,小M开心卡
信用卡,美元
储蓄卡,密码
储蓄卡,紧急
信用卡,普卡
交易,委托
贷款,确定
贷款,罚息
电话银行,减免
储蓄卡,申请
个人住房公积金贷款,申请条件
储蓄卡,账户管理费
信用卡,部分
信用卡,跨行
储蓄卡,重置
信用卡,冲账
储蓄卡,取消
信用卡,入账
信用卡,活动
贷款,简介
交易,利率
信用卡,营业网点
外汇,办理
储蓄卡,微信银行
信用卡,抽奖活动
贷款,还款
汇款,操作流程
储蓄卡,操作流程
信用卡,查询
外汇,购汇
信用卡,代办
结售汇,计算公式
贷款,能否
储蓄卡,已销户
信用卡,调整
外币,现钞
储蓄卡,开通
储蓄卡,更新
信用卡,信息
信用卡,组合
网上银行,个人
储蓄卡,电话
储蓄卡,开户
信用卡,账单周期
信用卡,积分有效期
网上银行,功能
交易,自设
储蓄卡,语音
信用卡,透支
银行卡,跨行
交易,修改
信用卡,年费
汇款,境内
储蓄卡,核算
信用卡,最低还款
外汇,个人版
贷款,是否
电话银行,是否
储蓄卡,关联
网上银行,转账汇款
储蓄卡,开户费用
信用卡,细节
储蓄卡,到账时间
信用卡,客服电话
外汇,账户
网上银行,减免
信用卡,达到
银行卡,手续费
电话银行,年费
信用卡,购物
储蓄卡,ATM
第三方存管,自助
结售汇,币种
信用卡,商户
网上银行,方法
信用卡,无卡存现
信用卡,中国联通
银行卡,准入条件
交易,注销
贷款,了解
第三方存管,普通版
存款,开户
信用卡,给银行
网上银行,调整
信用卡,还款额
贷款,小M消费宝
电话银行,卡号
信用卡,影响
储蓄卡,生活
信用卡,取款
电话银行,境外
结售汇,限制
储蓄卡,无卡取款
储蓄卡,超过
贷款,抵押
储蓄卡,证书
汇款,居民
信用卡,加急
储蓄卡,口头挂失
储蓄卡,区别
网上银行,零存整取
储蓄卡,香港
信用卡,返还
储蓄卡,限额
信用卡,锁住
储蓄卡,受影响
信用卡,境内
信用卡,证件号码
信用卡,方法
信用卡,手续费
储蓄卡,账单
信用卡,减少
结售汇,额度
信用卡,不予
贷款,按周还本付息
信用卡,绑定
信用卡,归属
利息税,规定
汇款,境外
储蓄卡,查询密码
网上银行,介绍
信用卡,接收
储蓄卡,精彩
信用卡,验证
储蓄卡,优惠活动
信用卡,规定
网上银行,自动代缴
信用卡,申请材料
信用卡,初始
电话银行,操作
储蓄卡,限制
电话银行,理财产品
结售汇,户口本
外汇,操作
贷款,手续
信用卡,当期账单
信用卡,核发
交易,个人版
个人通知存款,开户
交易,汇率
储蓄卡,预留
储蓄卡,位数
信用卡,需要
信用卡,消费
信用卡,网上支付
第三方存管,个人版
网上银行,流程
信用卡,小M贷
网上银行,手机银行
网上银行,境外
储蓄卡,授权码
贷款,经办行
储蓄卡,基本
信用卡,失卡保障
外币,查询
信用卡,取现
交易,限额
储蓄卡,何时能
储蓄卡,注意
储蓄卡,注意事项
储蓄卡,银行
贷款,综合
储蓄卡,见证
银证转账,手机银行
信用卡,注销
储蓄卡,热线
交易,网点
银行卡,功能
网上银行,取消
信用卡,传真
贷款,公积金
信用卡,全币种
网上银行,登录
信用卡,被拒
银证转账,普通版
储蓄卡,选项
网上银行,用户密码
储蓄卡,入账金额
信用卡,资料
银行卡,账户
储蓄卡,条件
外币,柜台
信用卡,同城
储蓄卡,短信通知
储蓄卡,查询
储蓄卡,判断
电话银行,VISA
信用卡,汇率
信用卡,芯片
交易,活期
信用卡,客户
结售汇,收费
电话银行,现金分期
信用卡,汇总
储蓄卡,资料
交易,备注
交易,订单号
信用卡,调额
信用卡,利息
信用卡,特色
贷款,商业贷款
信用卡,账单日
信用卡,电子账单
信用卡,历史账单
信用卡,币种
信用卡,渠道
外汇,结汇
交易,转账汇款
信用卡,自动还款
交易,柜面
交易,个人住房
储蓄卡,修改
电话银行,汇总
贷款,方法
信用卡,个人
信用卡,机票
信用卡,退货
储蓄卡,等级
信用卡,办理
贷款,规定
贷款,区别
网上银行,基金
信用卡,尊尚
储蓄卡,费用
外币,直接
贷款,月供
储蓄卡,可以
信用卡,相关
交易,实盘
网上银行,实盘
贷款,个人网银
贷款,查看
交易,明细
贷款,提供
网上银行,综合对账单
交易,办理
贷款,办理
信用卡,上限
网上银行,外汇买卖
储蓄卡,个人版
汇款,到账时间
贷款,需要
信用卡,纸质
信用卡,适用范围
储蓄卡,原因
储蓄卡,公民
交易,外汇买卖
存款,起存金额
信用卡,查询密码
银行卡,支持
储蓄卡,挂失
信用卡,方式
信用卡,中心
电话银行,分红
外汇,自助申请
网上银行,关户
储蓄卡,删除
储蓄卡,寄送
信用卡,说明
网上银行,申请
储蓄卡,个人资料
信用卡,免息期
储蓄卡,书面
存款,支取
电话银行,消费
信用卡,挂失手续
外汇,质押贷款
银证转账,时间
网上银行,生活
网上银行,交易流水
电话银行,POS
储蓄卡,忘记
贷款,个人住房
信用卡,最低还款额
储蓄卡,个人银行
汇款,跨行
储蓄卡,监护人
信用卡,组织
网上银行,操作流程
储蓄卡,锁定
储蓄卡,设置
代发工资,账户
信用卡,支持
信用卡,退税
信用卡,交易日
信用卡,有效期
信用卡,到期
信用卡,限制
存款,定义
储蓄卡,换号
信用卡,卡损
结算,区别
存款,开立
储蓄卡,理财
信用卡,结果
网上银行,开通
信用卡,违约金
贷款,房产
结售汇,境内个人
电话银行,赎回
外币,兑换
电话银行,方法
贷款,进行
储蓄卡,支付
结售汇,支持
电话银行,互查
信用卡,扣收
贷款,固定利率
信用卡,短信通知
储蓄卡,自动代缴
汇款,国际
交易,账户
存款,注意事项
信用卡,流程
贷款,递减
汇款,跨境
电话银行,基金
信用卡,规则
信用卡,时效
信用卡,介绍
电话银行,转账
信用卡,时间
贷款,联系方式
储蓄卡,减免
信用卡,银行
信用卡,失败原因
储蓄卡,月日均资产
网上银行,缴费
信用卡,合并
信用卡,能办
信用卡,处理
网上银行,使用
信用卡,地址
信用卡,类型
信用卡,计算方法
信用卡,ATM
电话银行,操作流程
储蓄卡,网上支付
网上银行,M月得宝
储蓄卡,小M贷
信用卡,本人
存款,资金
银证转账,到账时间
交易,定期
信用卡,原因
储蓄卡,时间
信用卡,顺序
个人住房公积金贷款,额度
储蓄卡,受到限制
储蓄卡,I类
网上银行,质押贷款
信用卡,关联
外汇,人民币兑换
信用卡,转账
贷款,已结清
结售汇,账户
信用卡,短信
银行卡,介绍
信用卡,费用
信用卡,个体户
信用卡,分类
贷款,还款方式
存款,证明书
网上银行,香港
第三方存管,开通
信用卡,微信银行
储蓄卡,手续费
代发工资,是否
第三方存管,激活
存款,张卡
信用卡,名下
储蓄卡,M支付
信用卡,限额
储蓄卡,存折
贷款,营运资金
电话银行,补寄
贷款,车库
信用卡,减免
第三方存管,银行账号
网上银行,质押物
外币,活期
个人通知存款,办理
储蓄卡,渠道
交易,个人
储蓄卡,币种
贷款,小微
信用卡,网上支付额度
信用卡,紧急
储蓄卡,介绍
电话银行,调整
交易,支付
贷款,申请
贷款,大学生
交易,期限
储蓄卡,有效期
网上银行,额度
信用卡,补扣
个人住房公积金贷款,办理
信用卡,酒店
信用卡,锁定
信用卡,起止
储蓄卡,影响
储蓄卡,理财产品
电话银行,MASTER
贷款,天数
电话银行,刷卡
电话银行,对账单
信用卡,支付
结售汇,时间范围
贷款,介绍
信用卡,生效时间
信用卡,使用
信用卡,财力证明
储蓄卡,畅刷
储蓄卡,资费标准
信用卡,QQ
信用卡,代扣
信用卡,积分
储蓄卡,综合
信用卡,办卡
信用卡,个人版
交易,换算
